asset_id,filename,bin_path,file_path,used_in_timeline,notes
timecoded,timecoded,Master,/Users/delaxpro/src/20_tools/davinciauto/projects/jal/kumojo-shosai-pilot/outputs/subtitles/timecoded.srt,no,
jal-kumojo-shosai-pilot_001,jal-kumojo-shosai-pilot_001.mp3,Master/JAL_雲上書斎_Pilot/01_Narration,/Users/delaxpro/src/20_tools/davinciauto/projects/jal/kumojo-shosai-pilot/outputs/audio/narration/jal-kumojo-shosai-pilot_001.mp3,yes,
jal-kumojo-shosai-pilot_003,jal-kumojo-shosai-pilot_003.mp3,Master/JAL_雲上書斎_Pilot/01_Narration,/Users/delaxpro/src/20_tools/davinciauto/projects/jal/kumojo-shosai-pilot/outputs/audio/narration/jal-kumojo-shosai-pilot_003.mp3,yes,
jal-kumojo-shosai-pilot_002,jal-kumojo-shosai-pilot_002.mp3,Master/JAL_雲上書斎_Pilot/01_Narration,/Users/delaxpro/src/20_tools/davinciauto/projects/jal/kumojo-shosai-pilot/outputs/audio/narration/jal-kumojo-shosai-pilot_002.mp3,yes,
jal-kumojo-shosai-pilot_004,jal-kumojo-shosai-pilot_004.mp3,Master/JAL_雲上書斎_Pilot/01_Narration,/Users/delaxpro/src/20_tools/davinciauto/projects/jal/kumojo-shosai-pilot/outputs/audio/narration/jal-kumojo-shosai-pilot_004.mp3,yes,
jal-kumojo-shosai-pilot_006,jal-kumojo-shosai-pilot_006.mp3,Master/JAL_雲上書斎_Pilot/01_Narration,/Users/delaxpro/src/20_tools/davinciauto/projects/jal/kumojo-shosai-pilot/outputs/audio/narration/jal-kumojo-shosai-pilot_006.mp3,yes,
jal-kumojo-shosai-pilot_005,jal-kumojo-shosai-pilot_005.mp3,Master/JAL_雲上書斎_Pilot/01_Narration,/Users/delaxpro/src/20_tools/davinciauto/projects/jal/kumojo-shosai-pilot/outputs/audio/narration/jal-kumojo-shosai-pilot_005.mp3,yes,
jal-kumojo-shosai-pilot_007,jal-kumojo-shosai-pilot_007.mp3,Master/JAL_雲上書斎_Pilot/01_Narration,/Users/delaxpro/src/20_tools/davinciauto/projects/jal/kumojo-shosai-pilot/outputs/audio/narration/jal-kumojo-shosai-pilot_007.mp3,yes,
jal-kumojo-shosai-pilot_008,jal-kumojo-shosai-pilot_008.mp3,Master/JAL_雲上書斎_Pilot/01_Narration,/Users/delaxpro/src/20_tools/davinciauto/projects/jal/kumojo-shosai-pilot/outputs/audio/narration/jal-kumojo-shosai-pilot_008.mp3,yes,
jal-kumojo-shosai-pilot_010,jal-kumojo-shosai-pilot_010.mp3,Master/JAL_雲上書斎_Pilot/01_Narration,/Users/delaxpro/src/20_tools/davinciauto/projects/jal/kumojo-shosai-pilot/outputs/audio/narration/jal-kumojo-shosai-pilot_010.mp3,yes,
jal-kumojo-shosai-pilot_009,jal-kumojo-shosai-pilot_009.mp3,Master/JAL_雲上書斎_Pilot/01_Narration,/Users/delaxpro/src/20_tools/davinciauto/projects/jal/kumojo-shosai-pilot/outputs/audio/narration/jal-kumojo-shosai-pilot_009.mp3,yes,
jal-kumojo-shosai-pilot_012,jal-kumojo-shosai-pilot_012.mp3,Master/JAL_雲上書斎_Pilot/01_Narration,/Users/delaxpro/src/20_tools/davinciauto/projects/jal/kumojo-shosai-pilot/outputs/audio/narration/jal-kumojo-shosai-pilot_012.mp3,yes,
jal-kumojo-shosai-pilot_011,jal-kumojo-shosai-pilot_011.mp3,Master/JAL_雲上書斎_Pilot/01_Narration,/Users/delaxpro/src/20_tools/davinciauto/projects/jal/kumojo-shosai-pilot/outputs/audio/narration/jal-kumojo-shosai-pilot_011.mp3,yes,
jal-kumojo-shosai-pilot_015,jal-kumojo-shosai-pilot_015.mp3,Master/JAL_雲上書斎_Pilot/01_Narration,/Users/delaxpro/src/20_tools/davinciauto/projects/jal/kumojo-shosai-pilot/outputs/audio/narration/jal-kumojo-shosai-pilot_015.mp3,yes,
jal-kumojo-shosai-pilot_016,jal-kumojo-shosai-pilot_016.mp3,Master/JAL_雲上書斎_Pilot/01_Narration,/Users/delaxpro/src/20_tools/davinciauto/projects/jal/kumojo-shosai-pilot/outputs/audio/narration/jal-kumojo-shosai-pilot_016.mp3,yes,
jal-kumojo-shosai-pilot_017,jal-kumojo-shosai-pilot_017.mp3,Master/JAL_雲上書斎_Pilot/01_Narration,/Users/delaxpro/src/20_tools/davinciauto/projects/jal/kumojo-shosai-pilot/outputs/audio/narration/jal-kumojo-shosai-pilot_017.mp3,yes,
jal-kumojo-shosai-pilot_013,jal-kumojo-shosai-pilot_013.mp3,Master/JAL_雲上書斎_Pilot/01_Narration,/Users/delaxpro/src/20_tools/davinciauto/projects/jal/kumojo-shosai-pilot/outputs/audio/narration/jal-kumojo-shosai-pilot_013.mp3,yes,
jal-kumojo-shosai-pilot_014,jal-kumojo-shosai-pilot_014.mp3,Master/JAL_雲上書斎_Pilot/01_Narration,/Users/delaxpro/src/20_tools/davinciauto/projects/jal/kumojo-shosai-pilot/outputs/audio/narration/jal-kumojo-shosai-pilot_014.mp3,yes,
jal-kumojo-shosai-pilot_019,jal-kumojo-shosai-pilot_019.mp3,Master/JAL_雲上書斎_Pilot/01_Narration,/Users/delaxpro/src/20_tools/davinciauto/projects/jal/kumojo-shosai-pilot/outputs/audio/narration/jal-kumojo-shosai-pilot_019.mp3,yes,
jal-kumojo-shosai-pilot_018,jal-kumojo-shosai-pilot_018.mp3,Master/JAL_雲上書斎_Pilot/01_Narration,/Users/delaxpro/src/20_tools/davinciauto/projects/jal/kumojo-shosai-pilot/outputs/audio/narration/jal-kumojo-shosai-pilot_018.mp3,yes,
jal-kumojo-shosai-pilot_020,jal-kumojo-shosai-pilot_020.mp3,Master/JAL_雲上書斎_Pilot/01_Narration,/Users/delaxpro/src/20_tools/davinciauto/projects/jal/kumojo-shosai-pilot/outputs/audio/narration/jal-kumojo-shosai-pilot_020.mp3,yes,
jal-kumojo-shosai-pilot_021,jal-kumojo-shosai-pilot_021.mp3,Master/JAL_雲上書斎_Pilot/01_Narration,/Users/delaxpro/src/20_tools/davinciauto/projects/jal/kumojo-shosai-pilot/outputs/audio/narration/jal-kumojo-shosai-pilot_021.mp3,yes,
jal-kumojo-shosai-pilot_023,jal-kumojo-shosai-pilot_023.mp3,Master/JAL_雲上書斎_Pilot/01_Narration,/Users/delaxpro/src/20_tools/davinciauto/projects/jal/kumojo-shosai-pilot/outputs/audio/narration/jal-kumojo-shosai-pilot_023.mp3,yes,
jal-kumojo-shosai-pilot_022,jal-kumojo-shosai-pilot_022.mp3,Master/JAL_雲上書斎_Pilot/01_Narration,/Users/delaxpro/src/20_tools/davinciauto/projects/jal/kumojo-shosai-pilot/outputs/audio/narration/jal-kumojo-shosai-pilot_022.mp3,yes,
jal-kumojo-shosai-pilot_025,jal-kumojo-shosai-pilot_025.mp3,Master/JAL_雲上書斎_Pilot/01_Narration,/Users/delaxpro/src/20_tools/davinciauto/projects/jal/kumojo-shosai-pilot/outputs/audio/narration/jal-kumojo-shosai-pilot_025.mp3,yes,
jal-kumojo-shosai-pilot_024,jal-kumojo-shosai-pilot_024.mp3,Master/JAL_雲上書斎_Pilot/01_Narration,/Users/delaxpro/src/20_tools/davinciauto/projects/jal/kumojo-shosai-pilot/outputs/audio/narration/jal-kumojo-shosai-pilot_024.mp3,yes,
jal-kumojo-shosai-pilot_027,jal-kumojo-shosai-pilot_027.mp3,Master/JAL_雲上書斎_Pilot/01_Narration,/Users/delaxpro/src/20_tools/davinciauto/projects/jal/kumojo-shosai-pilot/outputs/audio/narration/jal-kumojo-shosai-pilot_027.mp3,yes,
jal-kumojo-shosai-pilot_028,jal-kumojo-shosai-pilot_028.mp3,Master/JAL_雲上書斎_Pilot/01_Narration,/Users/delaxpro/src/20_tools/davinciauto/projects/jal/kumojo-shosai-pilot/outputs/audio/narration/jal-kumojo-shosai-pilot_028.mp3,yes,
jal-kumojo-shosai-pilot_030,jal-kumojo-shosai-pilot_030.mp3,Master/JAL_雲上書斎_Pilot/01_Narration,/Users/delaxpro/src/20_tools/davinciauto/projects/jal/kumojo-shosai-pilot/outputs/audio/narration/jal-kumojo-shosai-pilot_030.mp3,yes,
jal-kumojo-shosai-pilot_026,jal-kumojo-shosai-pilot_026.mp3,Master/JAL_雲上書斎_Pilot/01_Narration,/Users/delaxpro/src/20_tools/davinciauto/projects/jal/kumojo-shosai-pilot/outputs/audio/narration/jal-kumojo-shosai-pilot_026.mp3,yes,
jal-kumojo-shosai-pilot_029,jal-kumojo-shosai-pilot_029.mp3,Master/JAL_雲上書斎_Pilot/01_Narration,/Users/delaxpro/src/20_tools/davinciauto/projects/jal/kumojo-shosai-pilot/outputs/audio/narration/jal-kumojo-shosai-pilot_029.mp3,yes,
jal-kumojo-shosai-pilot_031,jal-kumojo-shosai-pilot_031.mp3,Master/JAL_雲上書斎_Pilot/01_Narration,/Users/delaxpro/src/20_tools/davinciauto/projects/jal/kumojo-shosai-pilot/outputs/audio/narration/jal-kumojo-shosai-pilot_031.mp3,yes,
jal-kumojo-shosai-pilot_034,jal-kumojo-shosai-pilot_034.mp3,Master/JAL_雲上書斎_Pilot/01_Narration,/Users/delaxpro/src/20_tools/davinciauto/projects/jal/kumojo-shosai-pilot/outputs/audio/narration/jal-kumojo-shosai-pilot_034.mp3,yes,
jal-kumojo-shosai-pilot_032,jal-kumojo-shosai-pilot_032.mp3,Master/JAL_雲上書斎_Pilot/01_Narration,/Users/delaxpro/src/20_tools/davinciauto/projects/jal/kumojo-shosai-pilot/outputs/audio/narration/jal-kumojo-shosai-pilot_032.mp3,yes,
jal-kumojo-shosai-pilot_033,jal-kumojo-shosai-pilot_033.mp3,Master/JAL_雲上書斎_Pilot/01_Narration,/Users/delaxpro/src/20_tools/davinciauto/projects/jal/kumojo-shosai-pilot/outputs/audio/narration/jal-kumojo-shosai-pilot_033.mp3,yes,
jal-kumojo-shosai-pilot_037,jal-kumojo-shosai-pilot_037.mp3,Master/JAL_雲上書斎_Pilot/01_Narration,/Users/delaxpro/src/20_tools/davinciauto/projects/jal/kumojo-shosai-pilot/outputs/audio/narration/jal-kumojo-shosai-pilot_037.mp3,yes,
jal-kumojo-shosai-pilot_035,jal-kumojo-shosai-pilot_035.mp3,Master/JAL_雲上書斎_Pilot/01_Narration,/Users/delaxpro/src/20_tools/davinciauto/projects/jal/kumojo-shosai-pilot/outputs/audio/narration/jal-kumojo-shosai-pilot_035.mp3,yes,
jal-kumojo-shosai-pilot_036,jal-kumojo-shosai-pilot_036.mp3,Master/JAL_雲上書斎_Pilot/01_Narration,/Users/delaxpro/src/20_tools/davinciauto/projects/jal/kumojo-shosai-pilot/outputs/audio/narration/jal-kumojo-shosai-pilot_036.mp3,yes,
jal-kumojo-shosai-pilot_040,jal-kumojo-shosai-pilot_040.mp3,Master/JAL_雲上書斎_Pilot/01_Narration,/Users/delaxpro/src/20_tools/davinciauto/projects/jal/kumojo-shosai-pilot/outputs/audio/narration/jal-kumojo-shosai-pilot_040.mp3,yes,
jal-kumojo-shosai-pilot_038,jal-kumojo-shosai-pilot_038.mp3,Master/JAL_雲上書斎_Pilot/01_Narration,/Users/delaxpro/src/20_tools/davinciauto/projects/jal/kumojo-shosai-pilot/outputs/audio/narration/jal-kumojo-shosai-pilot_038.mp3,yes,
jal-kumojo-shosai-pilot_039,jal-kumojo-shosai-pilot_039.mp3,Master/JAL_雲上書斎_Pilot/01_Narration,/Users/delaxpro/src/20_tools/davinciauto/projects/jal/kumojo-shosai-pilot/outputs/audio/narration/jal-kumojo-shosai-pilot_039.mp3,yes,
jal-kumojo-shosai-pilot_043,jal-kumojo-shosai-pilot_043.mp3,Master/JAL_雲上書斎_Pilot/01_Narration,/Users/delaxpro/src/20_tools/davinciauto/projects/jal/kumojo-shosai-pilot/outputs/audio/narration/jal-kumojo-shosai-pilot_043.mp3,yes,
jal-kumojo-shosai-pilot_042,jal-kumojo-shosai-pilot_042.mp3,Master/JAL_雲上書斎_Pilot/01_Narration,/Users/delaxpro/src/20_tools/davinciauto/projects/jal/kumojo-shosai-pilot/outputs/audio/narration/jal-kumojo-shosai-pilot_042.mp3,yes,
jal-kumojo-shosai-pilot_041,jal-kumojo-shosai-pilot_041.mp3,Master/JAL_雲上書斎_Pilot/01_Narration,/Users/delaxpro/src/20_tools/davinciauto/projects/jal/kumojo-shosai-pilot/outputs/audio/narration/jal-kumojo-shosai-pilot_041.mp3,yes,
02 空中庭園　リズムなし,02 空中庭園　リズムなし.wav,Master/JAL_雲上書斎_Pilot/02_BGM,/Users/delaxpro/Dropbox/プラッと/03_プラッとBGM/00_Original/1 - PR/02 空中庭園　リズムなし.wav,yes,
ANW4149_002_Stargaze-05,ANW4149_002_Stargaze-05.wav,Master/JAL_雲上書斎_Pilot/02_BGM,/Users/delaxpro/src/80_トヨタ/OrionS2_ALL/BGM解析/ANW4149_002_Stargaze-05.wav,yes,
ANW4478_002_The-Assignment-03,ANW4478_002_The-Assignment-03.wav,Master/JAL_雲上書斎_Pilot/02_BGM,/Users/delaxpro/src/80_トヨタ/OrionS2_ALL/BGM解析/ANW4478_002_The-Assignment-03.wav,yes,
timecoded,timecoded,Master/JAL_雲上書斎_Pilot/03_Subtitles_Docs,/Users/delaxpro/src/20_tools/davinciauto/projects/jal/kumojo-shosai-pilot/outputs/subtitles/timecoded.srt,no,
JAL_雲上書斎_Pilot_v001,JAL_雲上書斎_Pilot_v001,Master/JAL_雲上書斎_Pilot/03_Subtitles_Docs,,no,
old-map-and-other-stuff-SBV-312190339-HD,old-map-and-other-stuff-SBV-312190339-HD.mp4,Master/01_asset,/Users/delaxpro/Dropbox/JAL/01_asset/old-map-and-other-stuff-SBV-312190339-HD.mp4,yes,
airplane-window-passenger-looking-out-clouds-SBV-300231422-HD,airplane-window-passenger-looking-out-clouds-SBV-300231422-HD.mp4,Master/01_asset,/Users/delaxpro/Dropbox/JAL/01_asset/airplane-window-passenger-looking-out-clouds-SBV-300231422-HD.mp4,no,
closeup-of-the-second-hand-of-a-clock-4k-SBV-308010248-HD,closeup-of-the-second-hand-of-a-clock-4k-SBV-308010248-HD.mp4,Master/01_asset,/Users/delaxpro/Dropbox/JAL/01_asset/closeup-of-the-second-hand-of-a-clock-4k-SBV-308010248-HD.mp4,yes,
flying-over-dramatic-sunset-cloudy-sky-SBV-352079384-HD,flying-over-dramatic-sunset-cloudy-sky-SBV-352079384-HD.mp4,Master/01_asset,/Users/delaxpro/Dropbox/JAL/01_asset/flying-over-dramatic-sunset-cloudy-sky-SBV-352079384-HD.mp4,yes,
flying-through-clouds-in-an-airplane-SBV-331805029-HD,flying-through-clouds-in-an-airplane-SBV-331805029-HD.mp4,Master/01_asset,/Users/delaxpro/Dropbox/JAL/01_asset/flying-through-clouds-in-an-airplane-SBV-331805029-HD.mp4,yes,
railway-junction-train-pulls-the-wagons-SBV-312334492-HD,railway-junction-train-pulls-the-wagons-SBV-312334492-HD.mp4,Master/01_asset,/Users/delaxpro/Dropbox/JAL/01_asset/railway-junction-train-pulls-the-wagons-SBV-312334492-HD.mp4,no,
flying-up-above-cloud-in-slow-motion-SBV-331805079-HD,flying-up-above-cloud-in-slow-motion-SBV-331805079-HD.mp4,Master/01_asset,/Users/delaxpro/Dropbox/JAL/01_asset/flying-up-above-cloud-in-slow-motion-SBV-331805079-HD.mp4,no,
vintage-clock-hands-moving-slowly-SBV-354178858-HD,vintage-clock-hands-moving-slowly-SBV-354178858-HD.mp4,Master/01_asset,/Users/delaxpro/Dropbox/JAL/01_asset/vintage-clock-hands-moving-slowly-SBV-354178858-HD.mp4,yes,
retro-clock-with-city-name-under-window-arch-at-sao-bento-train-station-in-porto-SBV-354986195-HD,retro-clock-with-city-name-under-window-arch-at-sao-bento-train-station-in-porto-SBV-354986195-HD.mp4,Master/01_asset,/Users/delaxpro/Dropbox/JAL/01_asset/retro-clock-with-city-name-under-window-arch-at-sao-bento-train-station-in-porto-SBV-354986195-HD.mp4,yes,
sun-shining-through-cathedral-stained-glass-window-religion-faith-SBV-307871979-HD,sun-shining-through-cathedral-stained-glass-window-religion-faith-SBV-307871979-HD.mp4,Master/01_asset,/Users/delaxpro/Dropbox/JAL/01_asset/sun-shining-through-cathedral-stained-glass-window-religion-faith-SBV-307871979-HD.mp4,no,
wing-of-plane-passing-over-white-fluffy-clouds-SBV-308128565-HD,wing-of-plane-passing-over-white-fluffy-clouds-SBV-308128565-HD.mp4,Master/01_asset,/Users/delaxpro/Dropbox/JAL/01_asset/wing-of-plane-passing-over-white-fluffy-clouds-SBV-308128565-HD.mp4,no,
extreme-close-up-view-of-clock-at-the-last-3-seconds-to-midnight-SBV-300900384-HD,extreme-close-up-view-of-clock-at-the-last-3-seconds-to-midnight-SBV-300900384-HD.mp4,Master/01_asset,/Users/delaxpro/Dropbox/JAL/01_asset/extreme-close-up-view-of-clock-at-the-last-3-seconds-to-midnight-SBV-300900384-HD.mp4,yes,
antwerp-belgium-june-22-2019-interior-hall-of-central-railway-train-station-SBV-352504994-HD,antwerp-belgium-june-22-2019-interior-hall-of-central-railway-train-station-SBV-352504994-HD.mp4,Master/01_asset,/Users/delaxpro/Dropbox/JAL/01_asset/antwerp-belgium-june-22-2019-interior-hall-of-central-railway-train-station-SBV-352504994-HD.mp4,yes,
royal-observatory-greenwich-london-aerial-4k-drone-footage-SBV-353947008-HD,royal-observatory-greenwich-london-aerial-4k-drone-footage-SBV-353947008-HD.mp4,Master/01_asset,/Users/delaxpro/Dropbox/JAL/01_asset/royal-observatory-greenwich-london-aerial-4k-drone-footage-SBV-353947008-HD.mp4,no,
looking-through-aircraft-plane-window-overlooking-clouds-sky-in-flight-SBV-332523040-HD,looking-through-aircraft-plane-window-overlooking-clouds-sky-in-flight-SBV-332523040-HD.mp4,Master/01_asset,/Users/delaxpro/Dropbox/JAL/01_asset/looking-through-aircraft-plane-window-overlooking-clouds-sky-in-flight-SBV-332523040-HD.mp4,yes,
zurich-switzerland-april-25-2024-uetliberg-train-approaching-the-station-SBV-349049976-HD,zurich-switzerland-april-25-2024-uetliberg-train-approaching-the-station-SBV-349049976-HD.mp4,Master/01_asset,/Users/delaxpro/Dropbox/JAL/01_asset/zurich-switzerland-april-25-2024-uetliberg-train-approaching-the-station-SBV-349049976-HD.mp4,no,
aerial-top-down-view-cityscape-of-papa-square-at-downtown-vitoria-state-of-espirito-SBV-347199826-HD,aerial-top-down-view-cityscape-of-papa-square-at-downtown-vitoria-state-of-espirito-SBV-347199826-HD.mp4,Master/01_asset,/Users/delaxpro/Dropbox/JAL/01_asset/aerial-top-down-view-cityscape-of-papa-square-at-downtown-vitoria-state-of-espirito-SBV-347199826-HD.mp4,yes,
aerial-top-down-view-of-waving-flag-of-brazil-in-park-at-curitiba-in-parana-brazil-SBV-349311445-HD,aerial-top-down-view-of-waving-flag-of-brazil-in-park-at-curitiba-in-parana-brazil-SBV-349311445-HD.mp4,Master/01_asset,/Users/delaxpro/Dropbox/JAL/01_asset/aerial-top-down-view-of-waving-flag-of-brazil-in-park-at-curitiba-in-parana-brazil-SBV-349311445-HD.mp4,no,
aerial-view-of-greenwich-in-london-showing-the-old-royal-naval-college-greenwich-pa-SBV-352018302-HD,aerial-view-of-greenwich-in-london-showing-the-old-royal-naval-college-greenwich-pa-SBV-352018302-HD.mp4,Master/01_asset,/Users/delaxpro/Dropbox/JAL/01_asset/aerial-view-of-greenwich-in-london-showing-the-old-royal-naval-college-greenwich-pa-SBV-352018302-HD.mp4,yes,
airplane-flight-view-from-the-window-of-the-plane-airplane-aircraft-traveling-by-ai-SBV-348519311-HD,airplane-flight-view-from-the-window-of-the-plane-airplane-aircraft-traveling-by-ai-SBV-348519311-HD.mp4,Master/01_asset,/Users/delaxpro/Dropbox/JAL/01_asset/airplane-flight-view-from-the-window-of-the-plane-airplane-aircraft-traveling-by-ai-SBV-348519311-HD.mp4,yes,
airplane-descending-towards-airport-runway-silhouetted-against-vibrant-sunset-sky-w-SBV-354829123-HD,airplane-descending-towards-airport-runway-silhouetted-against-vibrant-sunset-sky-w-SBV-354829123-HD.mp4,Master/01_asset,/Users/delaxpro/Dropbox/JAL/01_asset/airplane-descending-towards-airport-runway-silhouetted-against-vibrant-sunset-sky-w-SBV-354829123-HD.mp4,no,
aerial-view-of-sunrise-through-airplane-window-in-the-morning-aerial-view-of-clouds-SBV-336811293-HD,aerial-view-of-sunrise-through-airplane-window-in-the-morning-aerial-view-of-clouds-SBV-336811293-HD.mp4,Master/01_asset,/Users/delaxpro/Dropbox/JAL/01_asset/aerial-view-of-sunrise-through-airplane-window-in-the-morning-aerial-view-of-clouds-SBV-336811293-HD.mp4,no,
captivating-sunrise-view-from-an-airplane-window-with-a-wing-tip-over-soft-clouds-a-SBV-352039064-HD,captivating-sunrise-view-from-an-airplane-window-with-a-wing-tip-over-soft-clouds-a-SBV-352039064-HD.mp4,Master/01_asset,/Users/delaxpro/Dropbox/JAL/01_asset/captivating-sunrise-view-from-an-airplane-window-with-a-wing-tip-over-soft-clouds-a-SBV-352039064-HD.mp4,yes,
antwerp-flanders-belgiumaugust-2019-high-angle-view-of-the-modern-part-of-the-train-SBV-337886880-HD,antwerp-flanders-belgiumaugust-2019-high-angle-view-of-the-modern-part-of-the-train-SBV-337886880-HD.mp4,Master/01_asset,/Users/delaxpro/Dropbox/JAL/01_asset/antwerp-flanders-belgiumaugust-2019-high-angle-view-of-the-modern-part-of-the-train-SBV-337886880-HD.mp4,no,
closeup-globe-showing-north-america-geography-in-educational-detailed-map-object-ro-SBV-352895882-HD,closeup-globe-showing-north-america-geography-in-educational-detailed-map-object-ro-SBV-352895882-HD.mp4,Master/01_asset,/Users/delaxpro/Dropbox/JAL/01_asset/closeup-globe-showing-north-america-geography-in-educational-detailed-map-object-ro-SBV-352895882-HD.mp4,yes,
captivating-views-from-an-airplane-window-during-your-journey-in-the-sky-above-the--SBV-352940276-HD,captivating-views-from-an-airplane-window-during-your-journey-in-the-sky-above-the--SBV-352940276-HD.mp4,Master/01_asset,/Users/delaxpro/Dropbox/JAL/01_asset/captivating-views-from-an-airplane-window-during-your-journey-in-the-sky-above-the--SBV-352940276-HD.mp4,yes,
macro-close-up-of-elegant-vintage-pocket-watch-with-roman-numerals-and-blue-dial-de-SBV-352875678-HD,macro-close-up-of-elegant-vintage-pocket-watch-with-roman-numerals-and-blue-dial-de-SBV-352875678-HD.mp4,Master/01_asset,/Users/delaxpro/Dropbox/JAL/01_asset/macro-close-up-of-elegant-vintage-pocket-watch-with-roman-numerals-and-blue-dial-de-SBV-352875678-HD.mp4,yes,
view-from-the-porthole-of-an-airplane-on-a-blue-sky-and-clouds-airplane-wing-throug-SBV-348363136-HD,view-from-the-porthole-of-an-airplane-on-a-blue-sky-and-clouds-airplane-wing-throug-SBV-348363136-HD.mp4,Master/01_asset,/Users/delaxpro/Dropbox/JAL/01_asset/view-from-the-porthole-of-an-airplane-on-a-blue-sky-and-clouds-airplane-wing-throug-SBV-348363136-HD.mp4,yes,
compass-magnetic-north-lost-hd-compass-specially-rigged-to-show-unstable-north-moti-SBV-316350585-HD,compass-magnetic-north-lost-hd-compass-specially-rigged-to-show-unstable-north-moti-SBV-316350585-HD.mp4,Master/01_asset,/Users/delaxpro/Dropbox/JAL/01_asset/compass-magnetic-north-lost-hd-compass-specially-rigged-to-show-unstable-north-moti-SBV-316350585-HD.mp4,no,
moving-mechanism-of-clock-in-slow-motion-analogue-pocket-watch-slow-motion-ticking--SBV-316082957-HD,moving-mechanism-of-clock-in-slow-motion-analogue-pocket-watch-slow-motion-ticking--SBV-316082957-HD.mp4,Master/01_asset,/Users/delaxpro/Dropbox/JAL/01_asset/moving-mechanism-of-clock-in-slow-motion-analogue-pocket-watch-slow-motion-ticking--SBV-316082957-HD.mp4,no,
wind-turns-the-pages-of-open-book-with-bright-sunset-light-reading-education-concep-SBV-347523826-HD,wind-turns-the-pages-of-open-book-with-bright-sunset-light-reading-education-concep-SBV-347523826-HD.mp4,Master/01_asset,/Users/delaxpro/Dropbox/JAL/01_asset/wind-turns-the-pages-of-open-book-with-bright-sunset-light-reading-education-concep-SBV-347523826-HD.mp4,no,
vintage-style-travel-and-adventure-vintage-old-compass-and-other-vintage-items-on-t-SBV-347359807-HD,vintage-style-travel-and-adventure-vintage-old-compass-and-other-vintage-items-on-t-SBV-347359807-HD.mp4,Master/01_asset,/Users/delaxpro/Dropbox/JAL/01_asset/vintage-style-travel-and-adventure-vintage-old-compass-and-other-vintage-items-on-t-SBV-347359807-HD.mp4,no,
captivating-sunrise-view-from-an-airplane-window-with-a-wing-tip-over-soft-clouds-a-SBV-352039064-HD (1),captivating-sunrise-view-from-an-airplane-window-with-a-wing-tip-over-soft-clouds-a-SBV-352039064-HD (1).mp4,Master/01_asset,/Users/delaxpro/Dropbox/JAL/01_asset/captivating-sunrise-view-from-an-airplane-window-with-a-wing-tip-over-soft-clouds-a-SBV-352039064-HD (1).mp4,no,
young-professional-waits-for-a-meeting-hand-with-a-clock-close-up-looks-at-the-time-SBV-318420761-HD,young-professional-waits-for-a-meeting-hand-with-a-clock-close-up-looks-at-the-time-SBV-318420761-HD.mp4,Master/01_asset,/Users/delaxpro/Dropbox/JAL/01_asset/young-professional-waits-for-a-meeting-hand-with-a-clock-close-up-looks-at-the-time-SBV-318420761-HD.mp4,yes,
new-york-new-york-usa-september-15-2015-a-left-to-right-pan-of-the-interior-of-gran-SBV-353446900-HD,new-york-new-york-usa-september-15-2015-a-left-to-right-pan-of-the-interior-of-gran-SBV-353446900-HD.mp4,Master/01_asset,/Users/delaxpro/Dropbox/JAL/01_asset/new-york-new-york-usa-september-15-2015-a-left-to-right-pan-of-the-interior-of-gran-SBV-353446900-HD.mp4,no,
closeup-of-male-hands-setting-wrist-watch-using-clock-crown-while-working-on-laptop-SBV-348643339-HD,closeup-of-male-hands-setting-wrist-watch-using-clock-crown-while-working-on-laptop-SBV-348643339-HD.mp4,Master/01_asset,/Users/delaxpro/Dropbox/JAL/01_asset/closeup-of-male-hands-setting-wrist-watch-using-clock-crown-while-working-on-laptop-SBV-348643339-HD.mp4,yes,
airplane-window-view-flight-flying-airborne-plane-aircraft-in-the-air-SBV-307894260-HD,airplane-window-view-flight-flying-airborne-plane-aircraft-in-the-air-SBV-307894260-HD.mp4,Master/01_asset,/Users/delaxpro/Dropbox/JAL/01_asset/airplane-window-view-flight-flying-airborne-plane-aircraft-in-the-air-SBV-307894260-HD.mp4,no,
female-hand-holding-plane-miniature-against-the-blue-sky-in-illuminator-air-travel--SBV-323401526-HD,female-hand-holding-plane-miniature-against-the-blue-sky-in-illuminator-air-travel--SBV-323401526-HD.mp4,Master/01_asset,/Users/delaxpro/Dropbox/JAL/01_asset/female-hand-holding-plane-miniature-against-the-blue-sky-in-illuminator-air-travel--SBV-323401526-HD.mp4,yes,
4k-timelapse-sequence-of-cayambe-ecuador-the-shadow-motions-in-the-quitsato-sundial-SBV-347010372-HD,4k-timelapse-sequence-of-cayambe-ecuador-the-shadow-motions-in-the-quitsato-sundial-SBV-347010372-HD.mp4,Master/01_asset,/Users/delaxpro/Dropbox/JAL/01_asset/4k-timelapse-sequence-of-cayambe-ecuador-the-shadow-motions-in-the-quitsato-sundial-SBV-347010372-HD.mp4,no,
antique-clock-dial-close-up-vintage-pocket-watch-SBV-302556583-HD,antique-clock-dial-close-up-vintage-pocket-watch-SBV-302556583-HD.mp4,Master/01_asset,/Users/delaxpro/Dropbox/JAL/01_asset/antique-clock-dial-close-up-vintage-pocket-watch-SBV-302556583-HD.mp4,no,
astronomical-clock-clock-prague-czech-republic-closeup-sunny-SBV-311671964-HD,astronomical-clock-clock-prague-czech-republic-closeup-sunny-SBV-311671964-HD.mp4,Master/01_asset,/Users/delaxpro/Dropbox/JAL/01_asset/astronomical-clock-clock-prague-czech-republic-closeup-sunny-SBV-311671964-HD.mp4,no,
astronomical-clock-clock-prague-czech-republic-closeup-sunny-SBV-311671964-HD (1),astronomical-clock-clock-prague-czech-republic-closeup-sunny-SBV-311671964-HD (1).mp4,Master/01_asset,/Users/delaxpro/Dropbox/JAL/01_asset/astronomical-clock-clock-prague-czech-republic-closeup-sunny-SBV-311671964-HD (1).mp4,no,
sundial-time-lapse-photography-and-the-concept-of-time-change-SBV-353979853-HD,sundial-time-lapse-photography-and-the-concept-of-time-change-SBV-353979853-HD.mp4,Master/01_asset,/Users/delaxpro/Dropbox/JAL/01_asset/sundial-time-lapse-photography-and-the-concept-of-time-change-SBV-353979853-HD.mp4,no,
the-suns-rays-penetrate-between-the-twigs-and-bamboo-leaves-SBV-347127003-HD,the-suns-rays-penetrate-between-the-twigs-and-bamboo-leaves-SBV-347127003-HD.mp4,Master/01_asset,/Users/delaxpro/Dropbox/JAL/01_asset/the-suns-rays-penetrate-between-the-twigs-and-bamboo-leaves-SBV-347127003-HD.mp4,yes,
view-of-dakigaeri-gorge-or-dakigaeri-valley-in-akita-prefecture-japan-asia-popular--SBV-337823678-HD,view-of-dakigaeri-gorge-or-dakigaeri-valley-in-akita-prefecture-japan-asia-popular--SBV-337823678-HD.mp4,Master/01_asset,/Users/delaxpro/Dropbox/JAL/01_asset/view-of-dakigaeri-gorge-or-dakigaeri-valley-in-akita-prefecture-japan-asia-popular--SBV-337823678-HD.mp4,no,
view-from-inside-the-plane-and-clouds-SBV-352077630-HD,view-from-inside-the-plane-and-clouds-SBV-352077630-HD.mp4,Master/01_asset,/Users/delaxpro/Dropbox/JAL/01_asset/view-from-inside-the-plane-and-clouds-SBV-352077630-HD.mp4,no,
silver-laptop-lying-on-neat-bed-with-black-suitcase-resting-beside-window-in-hotel--SBV-352271593-HD,silver-laptop-lying-on-neat-bed-with-black-suitcase-resting-beside-window-in-hotel--SBV-352271593-HD.mp4,Master/01_asset,/Users/delaxpro/Dropbox/JAL/01_asset/silver-laptop-lying-on-neat-bed-with-black-suitcase-resting-beside-window-in-hotel--SBV-352271593-HD.mp4,no,
aerial-view-of-majestic-morteratsch-glacier-with-ice-crevices-and-pristine-alpine-l-SBV-351766459-HD,aerial-view-of-majestic-morteratsch-glacier-with-ice-crevices-and-pristine-alpine-l-SBV-351766459-HD.mp4,Master/01_asset,/Users/delaxpro/Dropbox/JAL/01_asset/aerial-view-of-majestic-morteratsch-glacier-with-ice-crevices-and-pristine-alpine-l-SBV-351766459-HD.mp4,no,
aerial-view-of-ocean-waves-SBV-352554043-HD,aerial-view-of-ocean-waves-SBV-352554043-HD.mp4,Master/01_asset,/Users/delaxpro/Dropbox/JAL/01_asset/aerial-view-of-ocean-waves-SBV-352554043-HD.mp4,yes,
silhouette-of-passenger-airplane-flies-across-sun-at-sunset-plane-taking-off-at-sun-SBV-354547187-HD,silhouette-of-passenger-airplane-flies-across-sun-at-sunset-plane-taking-off-at-sun-SBV-354547187-HD.mp4,Master/01_asset,/Users/delaxpro/Dropbox/JAL/01_asset/silhouette-of-passenger-airplane-flies-across-sun-at-sunset-plane-taking-off-at-sun-SBV-354547187-HD.mp4,yes,
woman-wearing-a-white-hoodie-sitting-on-an-airplane-seat-and-looking-out-the-window-SBV-354261554-HD,woman-wearing-a-white-hoodie-sitting-on-an-airplane-seat-and-looking-out-the-window-SBV-354261554-HD.mp4,Master/01_asset,/Users/delaxpro/Dropbox/JAL/01_asset/woman-wearing-a-white-hoodie-sitting-on-an-airplane-seat-and-looking-out-the-window-SBV-354261554-HD.mp4,yes,
aerial-view-of-a-vibrant-green-field-with-parallel-lines-showcasing-agricultural-pa-SBV-354452487-HD,aerial-view-of-a-vibrant-green-field-with-parallel-lines-showcasing-agricultural-pa-SBV-354452487-HD.mp4,Master/01_asset,/Users/delaxpro/Dropbox/JAL/01_asset/aerial-view-of-a-vibrant-green-field-with-parallel-lines-showcasing-agricultural-pa-SBV-354452487-HD.mp4,no,
